filename,actor,language,emotion,sentence,modality,format
A1_E_H_S1.mp3,A1,English,Happy,S1,Audio,.mp3
A1_E_H_S1.mp4,A1,English,Happy,S1,Audio-Visual,.mp4
A1_E_S_S1.mp3,A1,English,Sad,S1,Audio,.mp3
A1_E_S_S1.mp4,A1,English,Sad,S1,Audio-Visual,.mp4
A1_E_A_S1.mp3,A1,English,Anger,S1,Audio,.mp3
A1_E_A_S1.mp4,A1,English,Anger,S1,Audio-Visual,.mp4
A1_E_D_S1.mp3,A1,English,Disgust,S1,Audio,.mp3
A1_E_D_S1.mp4,A1,English,Disgust,S1,Audio-Visual,.mp4
A1_E_F_S1.mp3,A1,English,Fear,S1,Audio,.mp3
A1_E_F_S1.mp4,A1,English,Fear,S1,Audio-Visual,.mp4
A1_E_N_S1.mp3,A1,English,Neutral,S1,Audio,.mp3
A1_E_N_S1.mp4,A1,English,Neutral,S1,Audio-Visual,.mp4
A1_H_H_S1.mp3,A1,Hindi,Happy,S1,Audio,.mp3
A1_H_A_S1.mp3,A1,Hindi,Anger,S1,Audio,.mp3
A1_P_H_S1.mp3,A1,Punjabi,Happy,S1,Audio,.mp3
A2_E_H_S2.mp3,A2,English,Happy,S2,Audio,.mp3
A2_H_S_S3.mp3,A2,Hindi,Sad,S3,Audio,.mp3
A3_P_A_S5.mp3,A3,Punjabi,Anger,S5,Audio,.mp3
